mse,mae,accuracy,precision,recall,f1
178.388092,2.235630,0.858845,0.020876,0.954542,0.040607
